,0,1,2,3,4,5,6,7,8,9,10,11,12,13,14,15,16,17,18,19,20,21,22,23,24,25,26,27,28,29,30,31,32,33,34,35,36,37,38,39,40,41,42,43,44,45,46,47,48,49,50,51,52,53,54,55,56,57,58,59,60,61,62,63,64,65,66,67,68,69,70,71,72,73,74,75,76,77,78,79,80,81,82,83,84,85,86,87,88,89,90,91,92,93,94,95,96,97,98,99,100,101,102,103,104,105,106,107,108,109,110,111,112,113,114,115,116,117,118,119,120,121,122,123,124,125,126,127
v0,15,11,30,26,42,34,59,62,76,68,84,84,107,103,126,117,131,137,145,149,172,165,186,190,206,200,211,219,234,226,248,247,271,265,278,273,296,303,317,310,324,325,339,346,359,354,380,377,386,387,404,412,421,425,445,446,462,454,470,470,482,492,502,500,523,524,529,536,546,554,563,575,587,588,601,597,623,622,630,636,642,642,662,667,682,676,699,704,719,711,736,733,739,744,757,768,774,771,792,785,813,814,819,822,833,846,856,859,877,878,889,885,906,909,923,916,941,933,945,954,973,961,977,981,997,1006,1010,1010
v1,9,11,20,23,35,45,52,56,80,80,91,81,105,105,114,128,129,143,160,147,169,176,178,182,197,193,222,215,227,232,255,253,270,267,275,278,302,298,319,319,335,323,341,339,357,359,382,383,400,390,401,401,428,428,439,441,456,450,472,467,486,495,502,505,526,527,536,530,560,551,568,561,591,581,602,596,624,609,626,635,641,653,662,672,688,677,690,698,709,705,735,725,749,746,763,766,777,782,792,788,802,816,831,822,834,843,858,862,880,874,883,895,911,899,923,919,932,939,957,958,975,972,981,989,994,999,1010,1013
v2,8,6,17,28,43,33,52,51,65,69,81,82,101,111,115,113,141,137,149,158,174,175,185,181,198,202,217,221,229,229,250,252,266,266,276,274,297,289,308,305,327,334,340,351,361,362,378,376,393,385,410,408,421,425,435,434,464,455,477,467,482,483,503,508,528,525,537,536,549,552,576,570,580,590,597,605,620,610,635,635,642,655,657,667,674,682,689,699,707,714,726,732,749,749,766,755,774,769,800,795,810,803,821,824,833,841,850,851,866,873,895,890,906,912,927,922,943,935,948,951,964,970,981,980,997,1008,1009,1011
v3,15,15,19,26,41,39,54,56,75,69,83,90,106,107,125,115,142,137,159,151,174,170,190,185,208,195,210,220,230,237,244,250,262,269,286,277,299,303,318,308,331,330,350,346,356,358,374,380,387,391,402,407,430,432,434,440,463,461,475,465,495,483,499,501,515,525,539,533,551,548,571,575,586,591,605,600,616,620,627,639,641,647,659,668,679,682,692,691,708,716,724,727,738,741,758,760,775,784,785,785,813,812,825,825,847,839,862,861,866,873,892,893,897,907,923,914,943,935,956,949,968,974,984,977,1005,1004,1018,1011
v4,12,6,27,20,37,48,56,52,77,66,91,94,101,105,126,114,138,142,159,147,162,164,183,182,208,193,213,218,227,238,248,250,259,266,287,274,292,298,312,313,322,334,341,342,359,362,380,377,388,395,414,408,429,422,434,448,457,457,471,475,492,496,497,501,516,525,533,530,547,549,567,570,578,579,600,598,620,613,640,632,649,654,663,671,685,677,690,702,715,710,722,724,748,737,753,760,779,774,794,796,803,804,821,829,843,845,863,860,871,873,884,883,903,900,919,922,944,940,950,946,972,966,986,989,1006,1000,1010,1012
v5,14,16,19,30,34,33,64,58,78,65,95,89,106,108,114,128,144,141,151,147,165,169,184,180,205,203,211,217,231,237,256,250,264,259,277,275,304,295,306,315,335,325,349,342,358,361,376,384,399,389,416,410,424,418,434,441,449,460,475,475,492,496,509,502,526,528,540,532,551,556,562,569,592,577,606,606,613,620,635,629,643,654,672,664,688,685,702,702,707,710,733,730,743,749,756,757,782,781,790,794,804,805,817,828,839,833,863,853,877,871,884,884,897,901,913,928,941,943,952,951,975,969,984,985,1004,1005,1018,1013
v6,5,4,25,31,41,46,56,58,74,66,87,82,100,99,123,114,135,142,150,154,176,171,184,191,202,200,222,220,238,239,249,242,271,265,286,279,296,290,309,318,327,323,349,352,359,355,376,381,398,386,408,412,421,421,433,436,458,455,472,468,496,494,506,510,526,524,540,540,559,554,561,563,588,588,596,593,618,620,626,625,644,643,672,669,674,682,693,689,708,716,734,722,741,749,757,754,776,771,792,788,803,805,819,822,847,836,854,864,876,873,882,881,901,902,924,914,940,929,946,955,966,962,992,984,1004,1002,1012,1016
v7,11,9,21,20,48,42,54,64,72,66,84,91,106,99,114,128,142,130,160,155,174,167,189,187,204,202,218,214,225,231,242,241,271,270,285,286,304,304,315,316,329,325,350,347,361,358,380,382,387,396,414,402,419,422,442,448,450,462,467,480,490,490,497,508,523,528,544,543,550,549,562,563,590,580,607,605,609,622,633,628,647,647,665,667,685,673,700,697,710,711,723,727,740,752,757,767,769,778,798,797,812,815,823,826,838,836,849,863,873,878,887,883,898,902,920,925,936,934,956,954,969,965,987,984,1004,1004,1023,1009
v8,15,14,23,23,36,37,62,60,65,76,83,84,106,110,115,127,142,143,159,157,162,169,186,192,207,196,213,209,235,232,256,252,257,268,281,287,298,304,319,312,322,325,337,352,362,367,381,378,391,393,415,416,427,422,437,439,451,462,475,480,491,493,511,506,523,526,531,540,558,550,568,569,585,582,604,607,609,616,631,634,655,655,662,662,680,676,694,696,709,715,736,732,739,737,765,759,772,769,790,797,815,806,821,822,835,840,864,857,873,874,891,896,899,909,927,913,934,931,951,949,963,969,988,985,1006,1001,1011,1023
v9,12,11,17,24,44,43,56,49,76,76,83,90,102,99,115,119,131,144,153,156,171,174,185,191,207,203,216,215,239,232,249,247,259,257,280,288,300,294,313,319,325,331,346,350,367,362,376,370,391,393,409,407,419,421,437,444,464,463,469,471,481,492,507,498,524,517,532,529,548,555,576,569,591,590,596,596,619,622,637,634,655,656,658,662,685,678,691,703,720,710,731,725,737,738,758,754,779,780,790,786,805,814,824,821,834,846,854,854,874,870,888,888,901,903,914,920,941,938,955,949,974,964,992,986,996,1001,1023,1015
v10,8,6,25,18,38,33,64,62,74,66,88,92,100,97,113,123,144,140,159,152,166,162,184,185,193,208,211,210,240,238,244,244,264,272,282,286,293,304,320,314,325,324,337,346,356,362,382,381,385,398,409,411,419,428,438,446,456,449,478,472,496,492,511,497,524,521,532,535,551,553,566,570,578,588,594,600,618,609,628,634,645,650,658,661,684,683,696,702,707,714,726,734,747,750,761,762,770,775,791,785,803,813,825,831,847,842,862,853,876,867,885,895,912,898,914,920,934,936,945,951,963,971,977,979,999,1005,1021,1012
v11,1,2,29,29,36,46,57,55,71,68,87,90,102,97,128,125,142,130,151,153,170,176,185,177,204,202,224,218,240,237,251,255,258,269,277,288,292,295,305,307,332,333,345,343,361,361,383,370,389,387,406,412,425,418,446,433,464,463,466,467,484,484,501,512,521,525,536,537,547,559,576,569,592,582,595,596,620,623,634,625,644,652,659,666,683,678,700,691,714,710,728,723,750,748,758,766,784,781,796,795,811,806,824,832,835,845,857,855,870,877,886,883,909,906,916,916,941,933,948,949,974,975,981,982,1001,994,1014,1011
v12,7,12,32,27,39,45,55,49,78,80,84,87,100,103,122,119,137,133,156,159,164,172,188,183,206,204,215,215,230,235,253,247,268,269,282,277,297,304,317,318,331,325,347,341,365,354,375,379,399,399,406,414,420,423,438,433,461,458,472,479,491,485,499,512,516,522,532,532,560,554,569,574,586,578,598,608,613,617,626,636,654,651,663,659,688,677,701,689,716,705,729,734,752,750,756,756,772,781,791,800,813,801,828,825,841,838,864,861,872,866,895,883,903,907,913,917,944,941,955,948,970,973,983,985,997,995,1024,1018
v13,3,1,32,31,48,44,53,51,67,74,83,94,105,103,127,121,134,140,149,153,164,176,189,190,202,196,219,222,234,239,256,254,260,268,285,275,303,291,320,313,324,332,338,347,368,363,373,382,389,390,415,403,417,421,442,438,453,457,468,469,488,489,509,510,526,520,543,532,557,555,574,565,587,577,594,602,617,613,638,630,656,650,670,672,688,681,699,692,714,707,727,724,751,743,753,753,781,772,791,790,801,816,825,821,843,848,861,861,879,871,892,887,909,897,919,919,930,943,960,945,970,964,982,978,999,1001,1018,1019
v14,16,4,19,31,33,46,57,59,77,77,94,94,111,99,124,125,131,142,150,160,170,176,186,189,203,208,221,214,230,237,245,244,264,271,280,283,293,303,307,320,336,334,348,347,354,356,375,379,388,391,406,407,432,417,444,437,458,461,466,480,496,482,501,510,521,527,529,535,560,555,575,573,590,591,606,605,620,622,626,637,647,652,670,661,674,686,689,689,708,718,733,731,737,741,759,757,771,780,798,789,814,805,832,817,847,836,863,851,877,867,892,888,904,904,920,921,943,933,952,948,973,964,980,990,994,1003,1011,1009
v15,11,8,30,30,48,45,57,64,73,71,94,83,99,97,115,114,133,140,145,146,167,164,186,185,199,201,211,210,232,225,256,249,261,267,276,280,299,289,317,313,323,323,347,342,360,366,376,373,393,387,409,416,418,423,445,448,458,458,470,469,483,484,500,500,525,525,534,539,551,556,576,568,583,580,597,608,615,613,637,625,647,649,672,671,676,685,704,696,714,718,730,731,748,747,756,766,780,769,800,799,812,807,823,830,841,837,860,858,871,879,883,887,897,899,913,920,930,938,945,947,975,964,984,981,993,1001,1017,1009
v16,4,2,30,23,33,43,58,54,79,80,95,88,97,107,124,121,136,129,153,151,161,174,179,189,198,205,223,209,236,235,251,248,262,271,281,277,295,299,309,313,336,321,350,352,366,353,382,371,389,395,412,404,419,425,442,446,458,455,465,476,491,484,497,505,513,524,529,534,547,547,576,567,577,582,596,608,615,620,640,634,651,654,658,659,684,684,690,702,718,715,732,733,743,739,758,756,770,769,799,795,811,813,827,831,833,840,852,849,877,877,892,887,902,897,923,920,931,933,957,960,962,963,983,986,1003,1001,1009,1016
v17,15,8,22,23,47,45,55,51,68,67,95,88,105,102,116,123,129,138,147,159,175,164,183,181,207,205,210,221,232,229,246,249,268,263,273,287,298,301,310,314,335,334,339,338,364,359,383,383,394,395,409,402,432,425,444,447,454,462,475,469,492,481,499,511,528,515,537,540,550,555,562,575,589,590,601,596,611,619,633,636,642,643,671,672,684,687,694,689,713,705,727,730,749,744,756,760,779,783,799,798,804,802,831,832,841,837,850,858,873,879,894,884,912,897,924,915,940,942,956,952,970,976,992,979,994,1001,1014,1012
v18,9,15,21,26,40,39,56,55,66,74,81,92,103,103,127,123,133,138,160,156,173,175,181,180,200,201,215,213,235,229,252,252,267,262,279,280,291,297,307,311,329,332,350,345,359,367,374,384,386,393,410,409,428,423,448,438,457,452,475,478,482,488,506,504,524,518,531,536,558,549,567,572,584,584,594,602,620,609,637,628,655,656,663,661,680,688,689,703,711,716,733,729,741,748,766,753,770,780,787,789,802,813,818,831,833,834,849,859,865,869,881,892,900,903,925,914,935,938,948,955,962,965,983,986,994,1008,1013,1017
v19,5,2,32,32,37,40,57,62,72,70,87,81,98,104,127,123,142,144,149,158,171,170,186,178,196,200,210,222,233,231,254,255,264,266,282,275,294,302,316,305,326,331,352,350,354,353,372,376,388,400,402,407,422,423,438,442,456,458,477,478,490,496,510,501,514,518,529,533,553,554,567,572,590,580,603,600,613,614,626,639,655,651,658,662,685,675,692,701,720,709,726,725,737,748,763,768,770,778,799,796,806,813,818,818,841,841,858,849,866,872,890,892,897,910,914,918,943,940,955,959,976,974,988,986,994,997,1021,1010
v20,16,6,28,17,47,37,58,64,72,80,84,93,102,112,128,113,130,143,157,157,162,176,178,183,207,196,216,216,239,238,245,242,267,260,282,283,291,296,307,307,327,329,338,339,353,357,370,373,391,395,416,401,421,432,448,446,463,462,473,480,481,493,511,500,523,521,540,541,548,556,570,569,588,585,608,598,617,620,631,631,647,655,667,658,685,676,695,698,720,705,722,726,746,743,760,758,781,775,787,785,809,802,828,830,837,845,855,858,876,879,892,884,897,908,926,914,933,944,948,959,968,967,986,977,996,996,1016,1013
v21,16,14,23,21,37,36,53,60,76,69,83,87,99,107,118,123,142,132,159,152,164,164,181,180,207,197,209,215,228,237,241,249,264,264,273,283,295,294,310,312,332,323,348,341,355,361,380,369,400,386,405,405,423,422,448,445,449,462,468,465,490,491,504,509,519,518,537,541,560,551,565,567,592,590,604,608,611,622,629,635,652,649,670,664,680,674,689,700,711,718,736,731,743,743,761,761,776,773,792,786,803,808,829,827,841,834,855,856,873,873,892,883,907,902,916,924,942,937,945,951,971,961,981,992,997,997,1021,1019
v22,16,9,25,28,39,33,56,63,67,76,87,95,106,107,123,124,138,133,149,158,161,171,187,187,200,207,212,211,225,226,256,244,262,259,287,283,300,298,314,320,329,321,340,340,368,368,369,379,392,400,412,408,421,419,442,434,454,460,479,473,488,482,501,503,522,514,540,531,558,545,569,575,581,588,599,595,621,619,633,629,655,653,666,661,684,674,692,703,718,714,727,732,752,752,762,766,771,770,785,794,812,805,830,825,841,834,859,859,869,879,889,894,899,905,916,917,938,933,945,948,976,974,987,987,1008,1003,1010,1020
v23,5,15,32,23,43,42,63,55,69,76,95,90,99,101,124,122,134,132,156,159,171,173,184,191,204,203,212,216,226,238,252,245,272,272,273,285,290,293,307,308,328,336,346,349,361,367,377,372,386,388,406,411,421,420,446,438,453,460,479,466,490,493,511,509,520,524,537,530,545,547,573,576,590,580,608,597,624,620,635,631,649,652,666,666,682,687,696,700,714,709,733,735,741,737,768,759,772,774,799,791,808,810,829,830,838,839,854,862,874,877,883,891,897,901,916,922,929,942,960,960,964,969,981,990,1001,1005,1010,1022
v24,9,12,29,29,34,47,57,52,74,80,86,86,103,103,117,128,133,141,149,145,173,174,183,189,207,201,209,211,233,231,243,252,268,267,281,288,303,289,308,318,334,332,346,341,359,368,371,383,390,399,408,407,426,431,439,448,459,453,478,473,485,495,506,503,526,517,530,532,557,545,575,574,580,583,595,608,616,614,629,633,649,641,661,664,674,680,692,697,707,713,729,721,748,746,762,756,769,784,795,790,803,803,822,821,837,840,851,850,872,877,882,891,908,899,916,916,943,935,946,952,970,969,984,986,1003,1000,1014,1013
v25,3,3,32,22,35,44,59,57,66,65,96,93,104,103,122,119,135,137,148,147,164,163,190,182,207,200,214,222,240,225,241,247,259,258,280,279,304,291,309,317,325,325,342,348,359,353,375,382,394,389,411,410,422,430,436,438,461,452,468,475,496,493,502,505,523,527,532,531,557,552,567,561,588,584,603,603,620,617,638,638,650,650,663,659,683,680,689,702,708,707,722,732,737,742,755,755,775,778,785,793,813,810,831,822,836,845,862,863,869,877,893,895,907,905,926,919,929,930,949,948,963,969,986,989,1001,1001,1014,1023
v26,5,1,27,23,36,43,54,64,75,70,89,84,104,104,124,115,135,131,153,160,173,168,190,189,196,201,217,217,232,236,253,248,266,267,278,275,302,301,310,313,325,332,345,348,355,368,379,383,389,386,411,401,422,426,439,441,461,463,465,465,481,482,497,500,522,525,529,541,546,557,572,562,577,590,605,597,619,620,626,632,643,650,663,659,678,687,703,701,713,705,726,735,751,741,757,758,784,777,798,798,813,811,817,830,847,842,861,852,873,878,893,881,898,902,915,920,935,929,950,959,976,974,988,989,999,998,1016,1010
v27,8,1,27,19,33,48,53,52,72,70,95,82,112,104,114,116,141,144,146,157,168,173,192,183,194,208,217,222,236,236,252,248,262,267,281,287,291,297,312,315,327,328,346,347,362,353,373,373,396,393,406,412,426,426,439,443,451,461,475,476,487,492,503,512,522,525,537,532,555,547,567,572,584,587,593,599,622,609,626,625,655,654,659,672,681,686,695,695,705,706,727,726,752,739,764,759,773,770,790,790,807,812,823,819,846,840,860,850,879,874,886,881,906,900,921,927,933,938,945,952,973,962,989,980,993,994,1022,1023
v28,4,13,28,20,44,39,60,62,69,71,89,89,108,98,122,113,139,131,151,152,168,163,190,179,198,197,211,217,237,232,243,252,265,267,282,281,295,296,315,309,333,334,345,339,360,362,384,384,391,390,413,410,432,424,435,443,458,457,466,475,485,488,511,503,521,524,531,540,547,560,576,572,586,585,602,601,619,609,626,629,654,648,659,667,677,683,689,698,705,713,725,730,740,749,768,754,784,780,795,792,812,801,821,830,843,839,854,854,870,870,892,882,903,912,925,914,933,942,949,958,970,961,992,989,994,1007,1017,1018
v29,15,3,19,17,34,46,64,59,70,72,87,93,99,98,123,121,133,130,150,157,175,167,183,177,208,199,211,210,231,232,242,244,269,270,278,273,294,302,311,310,330,335,350,351,357,363,377,376,386,398,407,413,424,420,440,447,454,462,471,478,496,493,510,512,515,528,541,535,545,560,561,576,581,586,596,599,616,618,632,631,652,649,672,657,685,679,695,696,706,715,727,735,741,752,757,762,782,779,798,787,816,808,821,829,847,845,863,863,876,876,889,895,909,911,922,925,934,937,949,947,975,975,983,980,994,995,1021,1016
v30,14,9,27,32,41,36,56,60,69,67,81,81,112,105,122,119,138,142,151,158,163,174,180,187,199,195,223,214,234,227,244,248,258,259,288,277,296,304,315,308,330,334,346,340,359,365,376,382,392,390,416,406,428,421,445,444,450,453,475,470,486,481,511,499,523,521,539,538,545,551,561,572,590,583,603,605,616,622,632,626,646,648,662,669,688,681,691,691,713,708,722,728,751,740,766,760,773,772,793,785,810,810,824,821,833,833,855,861,868,866,888,882,906,902,924,914,940,943,945,958,965,969,987,986,1002,1007,1009,1014
v31,8,4,29,20,44,47,49,55,75,80,95,96,100,112,117,122,133,137,153,149,166,172,184,179,202,200,209,215,236,227,248,241,260,267,284,275,297,303,305,305,333,330,352,341,359,358,381,372,397,386,403,405,421,427,447,446,452,455,467,467,487,491,508,497,513,523,543,535,545,552,564,569,586,592,594,593,616,612,632,639,641,645,665,672,682,682,700,689,714,707,726,725,741,742,760,755,771,778,798,792,816,805,828,826,848,841,862,859,869,867,892,894,903,897,926,928,937,932,959,954,975,965,991,981,995,993,1013,1023
v32,14,7,23,29,37,41,60,50,78,78,94,96,107,103,126,122,135,144,153,158,165,172,189,179,206,205,218,209,238,235,251,252,268,263,281,288,298,299,309,309,333,323,352,337,361,353,380,384,394,391,408,405,418,426,448,434,451,464,476,467,488,491,507,505,521,518,532,538,553,559,563,574,578,578,593,595,624,612,628,638,649,651,664,667,682,687,689,695,707,708,731,734,737,752,754,766,772,770,797,785,807,804,820,819,842,834,855,859,875,874,893,891,900,901,923,916,932,943,958,957,965,973,990,984,996,1007,1013,1012
v33,8,11,22,27,37,33,50,58,77,67,90,91,99,112,127,119,130,137,154,157,171,173,184,179,198,204,217,221,229,238,249,243,263,269,282,278,289,292,318,317,334,330,351,348,355,366,369,384,398,392,416,415,420,420,443,447,449,452,477,479,486,494,506,501,514,523,530,539,559,555,568,565,587,583,598,593,616,615,632,625,650,646,663,667,682,685,698,703,709,714,734,722,744,740,764,762,770,783,799,786,802,801,832,818,834,846,857,860,874,868,886,889,910,909,926,919,929,942,947,948,968,974,988,977,1002,993,1024,1010
v34,14,8,29,31,36,48,59,57,78,70,81,90,101,102,115,119,138,141,146,147,173,168,189,179,207,201,217,221,240,226,253,249,268,263,274,279,289,290,306,306,325,331,344,344,365,354,371,373,391,396,408,409,427,419,436,443,449,453,466,471,496,490,509,512,524,522,538,529,554,553,566,574,578,581,608,604,621,610,626,639,643,645,663,658,673,685,693,701,708,709,726,734,743,751,761,753,772,772,788,798,810,808,829,823,839,842,852,861,868,880,893,892,899,902,916,928,940,943,948,959,965,965,990,989,1004,1008,1011,1013
v35,4,10,26,31,36,33,64,55,74,71,96,90,98,106,118,114,136,134,159,147,175,163,192,188,193,196,211,220,233,237,243,247,272,263,274,288,291,296,314,318,323,327,350,351,367,353,369,373,390,398,410,412,431,420,433,441,455,456,467,474,496,490,512,502,520,522,539,538,552,558,568,573,583,579,597,598,617,620,638,638,653,655,668,660,682,685,690,690,712,716,725,723,741,746,767,767,777,783,795,790,802,810,829,828,834,848,861,852,869,871,896,888,903,902,913,916,943,941,955,958,964,968,992,979,994,994,1015,1017
v36,10,3,25,24,48,41,55,52,65,74,96,86,106,110,118,113,136,135,160,156,173,173,187,180,202,197,215,223,240,231,250,253,257,269,282,276,290,299,305,316,336,329,345,345,354,368,371,376,398,396,415,415,421,426,440,445,461,456,466,467,486,485,505,508,521,528,539,542,559,550,568,568,586,584,607,597,620,615,634,626,644,641,665,670,680,678,697,704,714,718,734,728,737,743,767,762,780,775,789,793,815,804,821,818,837,833,862,859,865,870,888,891,907,912,913,916,941,933,946,960,975,966,980,983,998,1006,1017,1017
v37,9,11,23,30,33,43,61,62,76,71,96,92,105,106,119,123,137,143,148,152,173,167,185,186,204,205,210,216,230,226,243,251,268,268,276,275,301,292,318,307,324,331,338,348,355,363,384,373,389,394,403,405,425,431,434,443,459,461,473,469,495,483,499,506,515,526,533,531,549,553,571,575,579,585,594,608,610,610,632,625,641,648,669,666,679,681,703,698,718,711,724,725,744,741,761,762,784,769,796,799,814,810,817,818,835,846,858,849,877,869,896,890,911,898,925,915,933,938,951,947,963,970,984,992,1007,1008,1016,1010
v38,5,3,25,17,46,36,59,56,69,74,93,84,104,99,121,120,143,144,153,148,175,176,180,181,195,200,211,213,227,227,248,248,258,269,274,278,291,295,308,313,333,329,338,342,354,355,372,380,395,393,414,408,418,420,448,445,449,455,470,476,492,492,506,497,523,527,543,536,550,547,571,568,588,586,594,608,621,610,635,631,655,641,659,664,683,685,696,702,707,707,731,724,739,747,757,763,777,775,798,789,808,801,825,830,848,843,851,851,880,876,889,890,912,908,921,922,936,931,957,957,964,968,990,981,1005,999,1009,1013
v39,9,11,17,27,47,34,63,60,69,71,89,81,103,109,120,119,141,140,150,160,167,167,190,179,207,202,214,213,233,240,246,256,257,257,285,274,300,301,317,312,333,333,352,338,358,364,379,374,389,395,407,414,430,432,438,440,453,462,465,477,495,492,503,506,527,527,530,529,548,549,566,567,587,592,600,607,623,616,640,627,651,651,667,669,679,674,697,691,710,708,731,723,747,737,766,759,781,775,785,800,807,814,830,825,839,839,855,864,876,865,885,890,908,903,925,924,935,936,945,960,961,967,977,988,998,994,1018,1011
v40,2,9,17,20,33,45,57,60,68,67,95,92,98,99,128,116,132,129,148,160,171,169,183,190,199,196,210,209,237,226,255,255,268,260,282,287,293,301,314,312,327,322,349,339,356,366,383,372,392,394,404,415,429,418,442,440,460,462,479,469,494,488,506,511,514,526,539,538,553,545,572,567,583,588,606,601,611,619,625,625,644,649,672,659,680,679,699,689,707,707,729,736,739,743,765,760,770,781,788,797,804,806,825,828,834,845,857,849,875,877,892,894,899,912,925,915,942,931,957,957,975,963,979,991,1005,1001,1010,1015
v41,7,13,27,20,42,39,63,58,80,69,95,87,112,110,128,122,138,138,149,150,176,171,179,183,194,194,219,212,237,236,246,251,264,265,275,273,304,292,311,311,336,322,347,342,368,360,378,384,399,397,414,409,425,422,437,438,464,450,469,466,486,486,499,499,522,525,541,530,546,551,574,571,590,586,595,606,609,622,633,629,650,652,667,671,680,683,692,694,720,708,729,728,748,743,764,761,778,769,789,785,810,815,828,826,842,844,859,854,878,876,885,889,901,909,917,923,933,940,945,960,974,967,990,982,1004,1006,1016,1016
v42,7,7,24,23,35,47,61,55,77,77,94,93,98,99,118,120,129,138,148,156,169,162,186,179,198,193,210,215,228,229,250,255,270,268,276,288,291,304,318,305,327,332,351,340,360,356,378,382,393,396,411,414,419,423,442,446,454,454,473,476,482,486,504,502,517,513,535,539,556,546,563,576,581,583,600,600,619,611,627,629,648,650,669,672,680,681,703,701,708,710,730,727,739,741,756,754,781,779,786,790,801,810,825,830,840,842,861,862,870,866,888,884,904,900,915,919,940,939,950,950,965,961,985,986,1003,997,1022,1011
v43,7,5,28,28,40,35,52,57,73,72,87,89,106,104,121,118,133,130,149,145,167,176,177,190,203,201,217,212,227,227,248,247,261,271,288,273,296,289,315,310,336,326,345,338,366,364,372,373,394,397,406,404,424,424,444,440,464,453,479,468,483,492,505,504,513,513,533,538,552,545,571,571,587,583,601,608,621,618,631,636,655,654,665,660,688,677,695,700,713,714,728,723,739,745,761,756,777,775,794,789,801,805,818,825,848,846,857,853,872,865,891,896,907,902,928,927,938,936,946,954,972,973,992,984,995,1007,1012,1015
v44,13,14,21,26,48,41,49,54,77,68,93,95,108,107,126,121,138,137,149,153,167,163,180,187,200,200,212,222,230,239,252,251,263,268,282,281,302,299,314,319,328,321,340,350,360,364,381,376,399,393,406,403,422,430,447,448,459,462,477,469,489,484,503,501,516,528,542,540,555,557,561,570,592,592,597,595,622,624,640,630,655,655,669,669,681,687,701,703,712,719,732,736,743,748,767,761,776,775,785,795,809,812,818,817,848,833,852,863,868,871,881,893,908,900,922,926,929,929,954,953,970,968,987,980,1008,1001,1010,1012
v45,3,13,23,21,44,37,55,58,73,79,92,88,106,105,115,124,131,136,145,155,170,163,180,187,198,199,215,219,226,239,242,253,261,265,273,278,299,292,314,309,322,323,344,347,366,364,379,378,389,395,406,403,426,417,441,442,451,461,473,477,482,490,512,505,513,518,542,536,549,546,565,573,585,590,603,601,621,612,636,636,647,651,671,667,679,684,699,693,706,709,733,722,749,748,757,753,775,769,795,799,801,804,819,832,848,841,854,856,866,873,884,883,912,904,921,915,938,940,946,952,966,966,986,986,1000,995,1022,1009
v46,14,14,20,29,41,41,51,49,73,68,96,85,112,102,126,113,133,138,152,152,165,168,177,187,204,199,221,213,227,229,251,247,267,262,278,274,297,303,308,309,329,334,351,352,362,367,383,374,398,400,405,410,426,426,439,440,454,451,473,469,493,484,511,511,517,520,529,539,553,560,572,565,577,582,594,599,617,618,627,629,643,644,661,661,676,687,698,704,720,718,727,724,740,738,768,767,775,776,791,785,804,815,824,832,833,838,849,849,875,874,891,892,903,900,924,927,941,935,957,946,966,961,979,982,996,999,1022,1010
v47,12,3,19,29,42,48,53,58,73,76,92,81,101,109,118,119,139,138,159,158,174,173,179,188,200,198,220,211,234,226,248,252,260,263,286,281,302,296,308,310,333,329,341,346,354,366,370,371,397,398,408,404,429,426,435,439,458,464,468,465,496,483,503,502,514,519,536,533,555,555,576,561,592,581,593,605,623,614,628,632,650,646,668,666,677,687,695,704,709,708,735,721,746,748,758,758,769,772,785,795,809,815,822,823,836,837,857,851,878,867,891,889,912,904,914,915,938,929,954,955,961,966,988,984,1005,1001,1020,1020
v48,4,12,17,25,41,44,60,57,69,76,85,93,98,111,117,113,135,133,159,152,171,176,181,183,203,200,214,220,231,232,250,251,268,267,283,275,301,295,311,318,323,325,346,346,356,361,377,372,386,394,412,416,430,419,441,445,454,457,469,469,493,493,510,508,528,514,530,536,552,558,570,566,589,584,597,608,619,618,639,633,656,653,657,666,686,685,694,703,707,720,721,732,744,744,760,763,775,773,792,785,814,804,830,817,846,834,862,857,873,873,889,883,911,910,925,923,935,935,959,955,970,964,990,978,999,998,1018,1015
v49,2,6,22,30,44,38,51,59,77,66,89,87,109,109,117,123,135,143,147,147,172,164,186,188,201,203,212,209,236,225,252,244,264,271,284,285,293,300,312,320,330,328,346,352,356,368,376,373,399,395,414,413,428,421,440,436,451,452,467,473,481,488,497,503,516,516,529,541,547,558,571,561,580,578,597,604,612,614,629,633,655,645,664,668,684,682,690,697,708,716,722,726,738,739,763,756,771,780,792,788,816,808,825,828,841,847,849,854,874,872,881,894,909,912,918,920,937,939,954,957,974,963,984,992,998,998,1024,1018
v50,2,10,19,21,44,36,59,56,72,76,91,92,110,108,120,116,143,139,146,157,175,167,181,181,207,201,209,210,238,228,256,249,266,270,275,273,304,290,305,308,333,321,340,346,355,361,377,382,400,386,409,409,428,424,437,439,459,453,476,470,484,486,504,500,518,526,537,543,555,552,573,565,588,580,606,604,611,620,634,630,650,649,667,666,680,679,693,700,715,707,730,735,737,741,754,767,779,781,792,786,807,808,819,831,845,837,851,856,877,880,884,881,912,904,927,923,943,940,947,950,966,972,979,984,999,1003,1015,1015
v51,9,5,27,25,42,45,50,62,79,70,85,94,111,103,117,114,140,131,148,148,165,164,178,182,193,207,223,213,229,228,256,252,268,263,281,284,303,295,312,316,325,322,341,348,367,360,382,371,393,392,405,409,431,431,442,439,463,454,479,474,484,488,507,502,522,522,529,532,550,559,565,568,581,589,595,608,614,624,627,640,650,653,658,664,686,680,690,704,705,719,726,727,745,738,767,753,773,772,796,796,804,806,825,822,834,835,855,853,865,866,891,889,901,907,921,920,942,940,955,956,969,972,981,978,1001,1007,1018,1020
v52,8,13,17,21,33,45,58,62,68,73,92,82,107,97,117,113,140,143,151,159,173,171,177,181,208,202,221,215,230,228,253,253,271,265,284,277,293,302,308,317,322,328,352,341,355,354,373,384,399,400,411,404,421,419,446,438,451,456,476,470,485,489,507,506,517,513,538,536,560,558,575,574,582,578,604,604,620,619,635,631,653,650,667,663,679,681,695,693,709,712,727,733,743,747,760,761,772,781,793,793,808,803,824,819,839,837,859,858,866,874,888,882,911,899,915,924,936,938,952,959,972,969,989,979,995,993,1016,1014
v53,16,11,17,18,40,34,57,60,78,74,85,84,100,111,118,124,137,138,153,146,168,166,183,179,203,198,212,212,236,230,244,248,263,262,280,276,302,302,319,314,323,327,340,348,355,362,382,377,395,386,410,409,428,417,437,448,453,463,466,479,494,490,505,511,524,521,534,540,553,556,561,561,584,587,595,595,615,616,628,640,652,646,659,661,680,679,690,696,713,719,731,728,743,749,754,764,782,783,786,794,804,803,824,831,844,843,861,851,878,872,890,890,906,898,925,926,931,942,959,947,974,966,992,983,1007,1004,1022,1020
v54,1,13,24,28,34,36,60,55,79,69,88,92,97,106,114,121,144,140,152,156,168,175,177,180,202,201,209,209,237,226,256,247,264,265,284,287,289,294,306,309,333,332,347,352,358,364,382,373,393,398,403,408,420,424,440,436,455,459,479,480,489,485,502,497,521,523,530,533,548,553,562,575,588,584,596,597,619,616,626,640,653,646,669,660,686,673,700,689,715,708,728,735,747,740,766,755,783,771,793,793,807,812,826,823,838,833,858,859,869,871,887,883,908,909,926,919,931,943,953,957,963,966,991,992,993,1002,1016,1010
v55,12,13,24,29,37,34,64,61,65,80,85,92,98,104,120,122,139,135,159,145,168,166,190,184,195,205,211,219,234,227,255,256,266,267,288,273,289,290,312,309,334,329,350,345,358,356,383,370,389,394,405,403,419,428,435,441,464,460,468,470,484,483,498,502,520,520,544,535,555,549,569,571,586,581,594,593,618,609,626,625,653,646,657,664,674,681,692,696,706,717,735,725,749,746,765,768,774,778,787,794,805,803,817,821,839,844,860,851,867,872,887,884,902,899,916,925,939,943,949,956,976,971,992,977,1000,996,1021,1016
v56,15,2,32,18,48,34,60,59,79,75,90,91,103,99,114,123,133,139,155,156,169,175,188,189,199,200,221,213,239,225,247,255,272,260,287,275,292,296,314,308,323,332,345,341,360,362,375,375,400,395,411,412,425,429,443,435,463,463,480,478,487,484,500,503,522,513,535,539,546,559,573,563,586,579,603,598,622,614,630,629,643,643,662,658,682,676,701,697,714,716,721,732,740,751,756,766,781,772,793,800,804,814,817,831,838,844,860,861,871,869,887,892,901,908,920,926,930,942,956,950,963,964,981,988,998,1006,1024,1021
v57,12,8,31,32,38,48,61,50,79,73,86,90,98,109,113,122,134,129,152,150,165,167,187,181,208,202,219,217,234,225,245,242,269,265,276,288,294,302,305,310,329,322,351,347,355,353,377,383,385,385,404,408,429,430,448,443,452,453,469,470,496,495,508,503,526,515,542,541,559,553,562,566,586,585,600,595,621,623,637,638,647,651,658,667,678,678,697,692,720,716,736,727,738,750,757,759,783,774,788,796,802,812,828,818,846,848,857,849,877,876,888,882,902,909,913,928,938,938,956,953,976,970,988,985,1002,994,1024,1012
v58,16,7,23,22,36,34,51,59,77,79,95,88,110,106,128,116,129,131,151,150,162,164,178,177,194,198,217,219,228,228,242,256,263,265,281,288,297,292,312,306,322,328,338,349,354,363,371,373,388,387,402,414,424,419,437,437,464,455,469,479,487,486,502,505,528,514,542,535,547,553,561,564,589,582,595,600,620,620,637,625,652,647,657,667,682,681,691,689,714,715,731,735,743,738,763,760,784,773,795,787,801,807,823,824,847,834,860,864,866,870,882,894,903,900,913,920,930,935,955,946,967,976,982,979,999,996,1009,1019
v59,1,7,22,17,33,34,53,49,78,73,91,83,105,99,114,113,131,130,152,152,169,165,192,178,205,195,213,220,232,234,242,245,265,270,284,288,300,302,311,314,322,321,338,340,361,357,378,373,387,400,410,402,422,427,443,434,451,464,476,465,481,490,499,510,528,525,535,531,553,554,569,568,579,586,598,607,610,611,632,633,655,642,671,668,682,685,692,693,707,717,732,725,751,752,766,755,779,773,800,798,805,812,818,825,841,838,849,851,878,876,889,893,908,899,919,928,937,936,950,957,970,968,982,989,995,1003,1022,1018
