,client,cohort,bloom,prr,irr
0,c0,50,0100000000100000,0000000001101000,1001100011111100
1,c0,48,0001010000000000,0011000001010000,1110010110010001
2,c0,15,0000100000000000,0000110100011000,1110100001010110
3,c0,36,0000000000000010,1010010000101001,1100000100111101
4,c0,6,1000000100000000,0000001111010000,0100000101110011
5,c0,32,0110000000000000,1110010100110010,1110111000011110
6,c0,44,0000001000000100,1000110110001101,0010110110000111
7,c1,36,0000000001000100,1000010110011010,0000111110011111
8,c1,50,0000100001000000,0101101011110100,0111111101010001
9,c1,9,0000100000001000,0010000000101000,0100000100101011
10,c1,34,0001010000000000,0000111100000001,0001110110111001
11,c1,34,0010000000000001,0111100000011000,0110011110111000
12,c1,6,0000000011000000,0011100011000010,0011110001101010
13,c1,4,1000000000010000,1000000000011000,0010011000010000
14,c2,10,0011000000000000,0011000000000001,1011001011101011
15,c2,30,0000100000000001,0001101010000100,1111111111001100
16,c2,14,0100000000000010,0111000110100010,1011110111110001
17,c2,7,0000000000100010,0111000000100111,0110111100110111
18,c2,27,0000100010000000,0000001010001100,1101101111101110
19,c2,8,0000000011000000,1011000110001000,1111000101111100
20,c2,50,0000001010000000,0100101111000000,1101100111001000
21,c3,7,0000010001000000,0000010111000000,1101000111010111
22,c3,39,0010000000100000,1111100000101000,1101100101001110
23,c3,5,0000011000000000,1100011001000000,1111011010010100
24,c3,52,0100000000001000,1100101000001100,1101001110101111
25,c3,60,0100100000000000,0000110000000000,0010110101000111
26,c3,46,0000010000000100,0000011001000101,1111111101101011
27,c3,40,1100000000000000,1100011010010001,1101111001000110
28,c4,45,0010000000000010,1110010110100110,1010001111001111
29,c4,38,0000000010001000,0001001011011000,0101111010111011
30,c4,22,0000000001100000,0011000001100001,0110011011100011
31,c4,20,0000000100010000,0000000100000000,0000100101001111
32,c4,44,0000000001100000,0011000001100001,1010100101110100
33,c4,55,0001000000000001,1001110000000111,1101110000000110
34,c4,21,0010000000001000,0010000101001011,1100110111010111
35,c5,25,0000001000010000,0000001010100100,0000100000111011
36,c5,17,0000001100000000,0000010111010000,1111010111110110
37,c5,32,0001000000000000,0001100110010000,1100110100111111
38,c5,6,0000000100010000,1100010101000010,1111110010011010
39,c5,63,0000000010000000,0011000010101000,0011011010001111
40,c5,50,1000000010000000,1000000010001100,0101000111011101
41,c5,41,0000001000000000,0110100000001000,1110110011001100
42,c6,34,0000001100000000,0000011101000011,1011111101000111
43,c6,3,0000000001000001,0000000111100100,0000011101111110
44,c6,47,0010000000000100,0000010011000001,1101010010111010
45,c6,36,0000000001001000,0100111011001000,1101100001011101
46,c6,36,0000000001001000,0100111011001000,1010010011111110
47,c6,0,0001000000000100,0101000000000111,0101000000011010
48,c6,22,0000000100001000,0001101100001000,0111110110000100
49,c7,9,0100000000000100,0110000010000100,0111001011111101
50,c7,45,0100000000000001,1100000100000000,1100011111011110
51,c7,46,1000000000010000,0000001110110011,1100000111110001
52,c7,8,0000000100010000,0100000100110011,0000100010110111
53,c7,29,1000000000000010,1010000000000010,1100010110000110
54,c7,23,0011000000000000,0011100001011101,0111110111010111
55,c7,39,0010000000000000,0011010001000101,1110010111010111
56,c8,49,0010000010000000,0010011101100100,0110001000110111
57,c8,40,0000000010100000,0000010011101000,1110011011011100
58,c8,21,0000001000000001,1000001001110010,1010111000110010
59,c8,32,0000000000000001,0100000100001101,0110011000010111
60,c8,15,0000100000001000,0010011000101000,1010011011100111
61,c8,2,0000100000100000,1000000001001000,1110001001111101
62,c8,36,0000010010000000,0100010011000010,1110001111101010
63,c9,6,0000000000000110,0000000001000111,1101110101100001
64,c9,39,0000000000000001,0000101010101011,1110101111101011
65,c9,60,0000000100000100,1001000100110101,1001101101100111
66,c9,52,0101000000000000,0101001001000000,0111011011101010
67,c9,53,0010010000000000,0010010000000110,0110110011110111
68,c9,9,1000010000000000,0000010110010011,1101010010110101
69,c9,36,0000100001000000,0010101000000000,1011101000101111
70,c10,55,0000010010000000,0010111010011011,1010111011111101
71,c10,10,0011000000000000,1011110011110001,0011110011011011
72,c10,47,0010000000100000,0101100000100000,0110110100101000
73,c10,40,0000000000000110,0011001001000110,0110010111110111
74,c10,41,1000000000100000,0110010110000000,0111011110001001
75,c10,59,0000100000010000,0000100110010000,1100110111111011
76,c10,36,0000100001000000,0000001001000000,1010110110111011
77,c11,9,0010000001000000,0000001001100100,0010001001101001
78,c11,50,0000001000000000,0000001011001000,0110101001110110
79,c11,38,0100100000000000,0110010010010110,1101100111110100
80,c11,36,0000000010000000,1000100111001100,0111011000100011
81,c11,63,0000100000000010,0101001000101110,1011111100011101
82,c11,23,0000000000010100,1001000010010101,1001110010111111
83,c11,48,1000000000000001,1010000000010001,0000100101010001
84,c12,63,0010000000000010,0010101100000011,1001010100000111
85,c12,1,0000010000000100,0010100001010011,1101100100111011
86,c12,51,0000001001000000,0000010011000010,1101001011011000
87,c12,18,0010010000000000,1110010000001011,1100010110101110
88,c12,55,0000001000010000,0000001000101100,1011011001011110
89,c12,50,0000000000010100,0010010000010100,0000010111100110
90,c12,23,0000100100000000,0000101100000100,1001111101000101
91,c13,39,0000001001000000,0010100010100100,0100101001000110
92,c13,21,0000010010000000,0000011010010001,0010011110010011
93,c13,34,0010000000100000,0010001001100100,0010110110100100
94,c13,62,0000000000000011,1100001110110011,1110111111111101
95,c13,54,0000000010000010,0000100010001001,1101000001101001
96,c13,57,0001000000000100,0000001010101100,0100111110110110
97,c13,20,0010001000000000,0010101000110001,1011000001110011
98,c14,46,0000000001000000,1000001101000000,1100011001110001
99,c14,52,0100001000000000,0011010000100000,1011000111111110
100,c14,19,0000001000010000,0011000001010100,1110101001110111
101,c14,33,0000000001000001,0000000001110000,1001100101010100
102,c14,53,1000000100000000,0000000010100000,1110100010010011
103,c14,17,1000000100000000,0000000010100000,1010100010100011
104,c14,30,1000001000000000,0000001000100000,1101111111111001
105,c15,32,0010000000000010,0010000000000010,1010011011100111
106,c15,48,0010010000000000,1010110000000000,1011011001111101
107,c15,46,0000001001000000,1000001101000010,0101000100010010
108,c15,4,0000010000100000,1000010011000011,0001000010000011
109,c15,2,0010000000000001,0010001101001010,0110110110111010
110,c15,26,0000000010001000,0010000010101000,1101001110011111
111,c15,28,0001001000000000,1101000000000010,1111101010011100
112,c16,50,0000000000000100,1101001000000101,1111111011011111
113,c16,53,0000000000001001,1000000110011000,1001110110111001
114,c16,16,1000000010000000,1000001010000100,0100011011101110
115,c16,43,0001000000010000,0001111100010000,0100111111110011
116,c16,16,0000001010000000,0001011010000000,0101000111011000
117,c16,49,0100000001000000,0111000011101000,0101100111011011
118,c16,46,0000000001000001,0001100001000011,0001101101101111
119,c17,1,0000100000001000,0011101001001000,1001111111100010
120,c17,8,0000000000001001,0000000000001001,0010100101000110
121,c17,5,0100000010000000,0110010010000001,1111110011100111
122,c17,40,0000000000000010,0000000100011100,1111000111111101
123,c17,8,0110000000000000,0111101000100000,0111100111010000
124,c17,9,0000000001000100,0011001001101010,1010011100001011
125,c17,46,0000000000100001,0100000010010001,1011110011110100
126,c18,42,1000000100000000,1000010100110000,1110111111011011
127,c18,32,0000010100000000,0000010101000000,0100110111000001
128,c18,63,0100000001000000,0110100011001000,1101110111011001
129,c18,2,0000000000010001,1001001010000011,1110011110000111
130,c18,60,0000000000100010,0000000000001000,1101100001011001
131,c18,10,0010000001000000,0000001001000001,0001101111100011
132,c18,24,0000000000000110,0000011010101010,0100101101011111
133,c19,30,1000001000000000,1010001000010000,1110001000100011
134,c19,39,0010000000000000,0010100001000001,1011010101001101
135,c19,40,0110000000000000,1110011000010101,1010111011011011
136,c19,51,0000000010010000,0110001011011001,0010001111111100
137,c19,56,0001000000000100,1000011000000100,0001111100100100
138,c19,9,1000000000001000,1010100011001001,1001100111110011
139,c19,36,1010000000000000,1010000010000000,1111110110111100
140,c20,48,0000000000000011,1000000100001001,0110101100001001
141,c20,60,0001000000000001,0000011000101011,1011101001011001
142,c20,45,0100000001000000,0101000001101000,0110011100111010
143,c20,37,0010000000000000,0010000000011011,0111101101011010
144,c20,52,0001000000010000,0101111100000000,1111110101000101
145,c20,47,0000000000001010,0000101001011110,0100101111111110
146,c20,0,0000100100000000,0101100110000000,0111111110000000
147,c21,3,0001000001000000,1001000001000001,1011111100001111
148,c21,60,0000000100000100,0010000011001101,1010011111101011
149,c21,4,0000000100001000,0000010110001010,1110100110111110
150,c21,27,1001000000000000,1001101000000001,0111101011101101
151,c21,25,0000000001100000,0001010011100100,1111111110101111
152,c21,16,0110000000000000,0110100000000000,1010101010011001
153,c21,55,0000001000010000,0010001001010011,0011001111000000
154,c22,53,0010001000000000,0010001011001001,1111001011001101
155,c22,11,0000001000000010,0001000100010000,0011100101100100
156,c22,39,1000001000000000,0000001000000110,1010100000010111
157,c22,36,0000000100100000,1001000100110000,0101101110110111
158,c22,34,0001000000000010,0010000000101010,0011110101011101
159,c22,15,1010000000000000,0010000000100001,1001101000110001
160,c22,61,0000001000000000,0011001001001000,0001011011101011
161,c23,58,0100100000000000,0100000001011101,0010000101001111
162,c23,47,0000000010100000,1110000111101110,1010000111111110
163,c23,63,0000000010000000,0110010010010000,1011101110100010
164,c23,48,0001000001000000,0001000101000000,1100011101000110
165,c23,43,0000001001000000,1000101001000010,1011001011101110
166,c23,39,0000000010001000,0010010011011100,1011111110101110
167,c23,12,0100000010000000,0100100011000011,0111111111101110
168,c24,15,0001000001000000,0001001111100101,0100010110111101
169,c24,51,0000000000000011,0000000000000011,0000101000100101
170,c24,19,0000010000000010,0010010101001101,0000111100100111
171,c24,51,0000000000000011,0000000000000011,0111100010001001
172,c24,39,0000100100000000,0100000101001010,1110001001011110
173,c24,14,0010010000000000,0101010000000110,0111010101100111
174,c24,6,0000001000000010,1001000000001110,1101000011111110
175,c25,34,1000000000000001,1100000000000010,1100000100100111
176,c25,21,1000000000010000,1100010111110101,1110101111111001
177,c25,6,0000000100100000,1010100101010000,0111110111110010
178,c25,10,0100000001000000,0101000110000101,0111100101011111
179,c25,31,0000100100000000,0110010110000000,1110011100110100
180,c25,52,0000000010000001,0010100000000001,0010111000011011
181,c25,40,0110000000000000,0110000011000111,0111110011000111
182,c26,11,0010000000000100,0110000100100100,0110111100001111
183,c26,28,0000000100000000,1000000000100010,1100011011111010
184,c26,41,0000100000000100,0010000001100101,0101101001100010
185,c26,29,0100000010000000,1101100000100000,1111100001111000
186,c26,59,0000010000000010,0010010001010010,0001110101011111
187,c26,45,0000000000110000,0001000000111000,0101110101101011
188,c26,16,0000000000000110,0000101010000010,0101101100100110
189,c27,41,1000000000000100,1000000010001000,0001111111100001
190,c27,47,0010010000000000,1110011011001001,0111011010000010
191,c27,58,0100100000000000,0110000000010101,0110001000010101
192,c27,13,0000000001000000,1100010011001000,1101001001000100
193,c27,1,0001000000000000,0000100010101000,0101001010111001
194,c27,0,0000000001000000,1100010011001000,1101010111111110
195,c27,56,0000010000100000,0100011011110000,1110111011010111
196,c28,43,0000010000000001,1000111010000001,1100111111001001
197,c28,13,0000000100000100,0000010101010100,1100000101001111
198,c28,45,0000000110000000,0000011110010000,1000011111010001
199,c28,46,1000000000000100,0000110010000101,1000111111011101
200,c28,14,0000000101000000,0000010110000001,1101100100100011
201,c28,60,0010000010000000,0011000110000000,0111000011001011
202,c28,23,1000000010000000,1000101110000000,0100111000010110
203,c29,56,0001000000000001,0000000001000001,1101110010011101
204,c29,6,0100000000000100,0110001110000000,1101001111111000
205,c29,63,0000000000010100,0000000100011000,1000011110111010
206,c29,42,0100000000100000,0000010001111011,0011111111110001
207,c29,1,0001000000001000,1001010100000001,1011010110101000
208,c29,60,0000100000100000,0100000000000000,1111111000101111
209,c29,38,0000001100000000,0000000110000010,0000100010110110
210,c30,56,0000010001000000,0100011000011000,0111111100011110
211,c30,18,0000011000000000,1001100100110010,1010110110011011
212,c30,58,0100100000000000,0011100001000000,1011001000000110
213,c30,38,0001000000000010,1001000001000000,1110111101001101
214,c30,41,0010000000010000,1011000000010011,1010001001111111
215,c30,45,0000000001001000,1000000001000001,1111010011100000
216,c30,14,0010000000000100,0000101110000101,1111111111001111
217,c31,57,0000000000001001,1010101111001001,1011110111001011
218,c31,4,1000000000000000,1100000001000000,1110111101101101
219,c31,14,0010000000000010,0010101000001010,0010101011010110
220,c31,17,0000000010001000,0000010111000011,1101010111110011
221,c31,28,0010010000000000,0010000000100000,1111100011101111
222,c31,44,0000001000000100,1001111110101101,1011111010100111
223,c31,60,0000000010001000,0000010111000011,1100001100100111
224,c32,19,0001000000010000,0001000001010000,0101100001111101
225,c32,51,0001100000000000,0001110100100110,0101001101101111
226,c32,3,0000000000011000,0000100100001001,0101101101010001
227,c32,48,1000000001000000,1001111010000100,0101111111011110
228,c32,29,0000001000000100,0010101100000100,1110110101011100
229,c32,50,0000001010000000,0101011011000000,1100111111011110
230,c32,41,0000010000000100,0000110010010101,0101101011110001
231,c33,58,0100000001000000,0100100010000000,0111001111001101
232,c33,21,0000000000100010,0000000100100000,1011100110011001
233,c33,21,0001000000100000,0001000000100000,1001101111110100
234,c33,7,0010000100000000,0110000100010000,1110111110010101
235,c33,15,0000110000000000,0000110100000100,0001110111101111
236,c33,63,0001000000000010,1000100110001000,0001111000101011
237,c33,19,0001000100000000,0101000010000000,0101101100110101
238,c34,48,0001000000001000,0011110001001000,0111110011111101
239,c34,26,0000000000001000,0011001010100000,0111100010111100
240,c34,22,0100000000000001,0100100100100011,0100100011111010
241,c34,44,0000000100000001,0001110100010100,1101110001001111
242,c34,57,0000010000001000,0110101001001000,1110011111011100
243,c34,19,0000000001000000,0000000001100010,0110100000110010
244,c34,11,0001000000000100,1001001000000100,1011111101001101
245,c35,61,0000001000000001,0000100010000010,1101100011000001
246,c35,33,0000000110000000,0110001001100110,0010101001111110
247,c35,53,0010010000000000,0000010000001000,0011110100101000
248,c35,33,0000000010000100,1000100011101110,0000001111011110
249,c35,22,0010000000000100,0000000011001100,1010110111100100
250,c35,12,0000010100000000,0000110101000100,0001110110001111
251,c35,51,0000000000000011,0000011001100011,0110011001110011
252,c36,32,0010010000000000,0111010000000110,0101010100010110
253,c36,33,0000000000001000,0111100000001000,1111101101101101
254,c36,17,0000010000000100,1000010001000100,1100011101111010
255,c36,53,1000000001000000,1111110001010010,1100111111110011
256,c36,58,0000001000010000,0100101000010110,1000111001010100
257,c36,3,0000001000100000,0001001000001010,0000001110111110
258,c36,6,0001000000010000,0000010010100011,0100010001100011
259,c37,25,0010000000000010,0010001000000010,1111111000100011
260,c37,3,1000001000000000,1010001101010101,1111111111010101
261,c37,42,0000100000000010,0010101000101010,1010101000101011
262,c37,29,0000000000011000,1000000010011000,1110111011110001
263,c37,35,0000010000000000,0010010000010000,1110110000110101
264,c37,6,0010001000000000,1111001010000000,0111011110110111
265,c37,60,0001000000000010,1110010000000000,1110100001000000
266,c38,12,0000101000000000,0001110000010100,1011111100111100
267,c38,56,0011000000000000,0100000110101000,1111100011111011
268,c38,9,0000000100010000,1000000101101010,1010000111111000
269,c38,29,0000000000000001,0000100010000101,0111001010101111
270,c38,19,0010000000001000,1010000010001010,1111110000011101
271,c38,26,0100000100000000,0101000110101000,0110110011101011
272,c38,26,0000000100010000,1000000101101010,1010111101101100
273,c39,24,0000000100000100,0000111000010100,1100011101010111
274,c39,14,0000100000000100,0010100000000000,1110101010110001
275,c39,59,0000000001010000,0000000001110100,1111100001010101
276,c39,57,0000000000010001,1000010000000010,1011011110110101
277,c39,34,0100000000000100,0100000101001111,1010110111100110
278,c39,55,0000000000100001,1000000001111101,1011111010111111
279,c39,21,0000100100000000,1010100110000010,1100110011001010
280,c40,30,0001010000000000,0100010000010000,0111001000011111
281,c40,27,0000000001000100,0000100001000100,1000111100100110
282,c40,3,0100000001000000,1100000100010000,1100011001111111
283,c40,3,0000010000000100,0000010000111000,1101110110110001
284,c40,43,0000001001000000,1101000000100101,1111111011100011
285,c40,53,0100000000001000,0000010001011001,0101010111011001
286,c40,58,0000000001000000,0000011001100010,1000111010101000
287,c41,25,0000000110000000,0011000110001000,0011010010101111
288,c41,9,0100000000000100,0000001000000101,0001010000000111
289,c41,5,0000000001000100,0110000001001100,1101011110001111
290,c41,60,0000000000010010,0000000010010000,1010100110111100
291,c41,38,0001000000001000,0001000000110001,0001100000111001
292,c41,50,0000001000000000,0100001000010001,0101111100111101
293,c41,48,0100010000000000,1111111001011100,0110011001110011
294,c42,24,1000000000000010,1000111101111010,1010110111111010
295,c42,14,0000010000100000,1000010000100000,1100011101100001
296,c42,35,0000010010000000,0100001010111001,1010001011111011
297,c42,8,0010001000000000,0000001000001100,1001111001100010
298,c42,20,0000010000010000,0010010010110000,0101110110111011
299,c42,8,0000000010000100,0100100100000000,0111100111011111
300,c42,2,0000010000000001,0011001101101000,1010101101101010
301,c43,15,0100010000000000,1001011000001000,1100101011010100
302,c43,22,0000000100000000,0100000110000100,0010111111000110
303,c43,35,0001000000010000,0001000001010000,0001001011101111
304,c43,40,0000100100000000,0000100100010100,0011000111100011
305,c43,7,0000010000001000,0110010000000010,1101111000111010
306,c43,7,0000000000000101,1010011010001101,0101001111101011
307,c43,37,1000000000000010,0001100000110000,0000101010100111
308,c44,19,0000100000000001,1010100001000001,1011111011000000
309,c44,37,1000000100000000,1000000000000000,1000100111111001
310,c44,3,0100001000000000,0100001000100000,0010001100101001
311,c44,28,0000100000000001,1010100001000001,1010000010010111
312,c44,60,1010000000000000,1010110110000000,1111111110111000
313,c44,57,0000010000001000,0011010010101000,1100110110100000
314,c44,31,0100000000000100,0110000000011100,0111010101101110
315,c45,28,1100000000000000,1100000000000101,1101101010011110
316,c45,52,0000000001000001,1010000001100010,0010111101100010
317,c45,39,0010000000001000,1010011100011010,0011111100110000
318,c45,20,0001000000000000,1111000001001001,0011001101000001
319,c45,48,0000100001000000,0000110001000101,1110111000011110
320,c45,8,0010000000000010,0010000000010000,1110111001010100
321,c45,9,0001000000000000,1111000001001001,0101010100001101
322,c46,47,0000001100000000,1011001110001001,1010101110100000
323,c46,36,0000000001001000,0000000001011100,0011101001101111
324,c46,49,0100010000000000,0101000111000010,1011101111110010
325,c46,4,0001000000000000,0000100100000001,1010101110110100
326,c46,38,0000000100010000,1001000010110000,1101100011011001
327,c46,6,0000000000110000,1000000000001010,1001000111001110
328,c46,32,0000010000000010,1000110010001110,1110111000001100
329,c47,7,0000001001000000,0110000101000001,1110111001001101
330,c47,30,0000000000001000,0001000011101000,1110000110011000
331,c47,21,1000000000000001,0001100000000011,0000111100000110
332,c47,20,0000000011000000,0010001011011000,1110111111110001
333,c47,44,0000000000001100,0100000000001100,1101011100001100
334,c47,4,0000000010100000,0000000010111000,0100111101111001
335,c47,28,0101000000000000,1100010001000100,1101100001101000
336,c48,32,0100000100000000,0100100100000010,0100101011100001
337,c48,3,1000010000000000,1000010101010000,0000110101111100
338,c48,60,0100000000000100,0101001101000000,1110101111100000
339,c48,39,1000001000000000,1011001000000000,0011100000011010
340,c48,25,1000001000000000,1011001000000000,1111100011011111
341,c48,56,1000000001000000,0011000100000001,0001101101101001
342,c48,56,1000001000000000,1011001000000000,1111111000000001
343,c49,56,0000000000100010,1000000001100011,0000011001011011
344,c49,8,0000001000000001,0000000000101011,0100000010000111
345,c49,3,0000000101000000,0000110011100000,0100101011101101
346,c49,6,0000001100000000,0001011000000001,1011111001011011
347,c49,13,0000000010001000,0000000000100000,0000010100100000
348,c49,36,0000110000000000,0000110001000101,0101010111001111
349,c49,26,0000001000000000,1000011001000001,1010111110110011
350,c50,54,0000001010000000,0101101010000000,1111111101111111
351,c50,29,0000000000000001,0010001000010000,1100001100011111
352,c50,58,0000000100001000,1000100110001010,1010000111100011
353,c50,35,0000010000000001,0000000100100001,0011111111100100
354,c50,25,0000000000010100,1000001000010100,1001111001001111
355,c50,7,0000000000010001,1000000100010000,1111111010100111
356,c50,33,0000100000000000,0000110111000000,0001100111110100
357,c51,38,0000100000000010,0100000100110011,1110011100111111
358,c51,5,0010000000000000,0010000100000000,1110011100101000
359,c51,8,1000000001000000,0001011101111011,0111110001001111
360,c51,5,0000010000000001,0000011010000001,0000111110101111
361,c51,4,0001000000000010,0101010000001011,0111011001101110
362,c51,12,0001010000000000,0011010000000100,1101110100110001
363,c51,4,0000000001010000,0001000001010110,0110100000111100
364,c52,44,0000000000101000,0010110010101000,0001111011110010
365,c52,40,0000000100001000,0100100100001100,1101010101010000
366,c52,29,0000100000000100,0000100000010100,0001001100001111
367,c52,32,1000000100000000,1100000100000100,1100101100100100
368,c52,52,1000010000000000,1110010000000100,0110100001001110
369,c52,40,0000010100000000,0000100100001000,1101111010100010
370,c52,46,0010010000000000,0001001110000000,0100000001101100
371,c53,33,0000100000000000,0000001100000011,0011111111001111
372,c53,40,0000000101000000,0010010000000001,0111110000110111
373,c53,39,0000000100010000,0110000100010100,0101001101111100
374,c53,21,1010000000000000,1001000001000100,1011111011001101
375,c53,52,1000010000000000,0000010000100010,1110110101111110
376,c53,36,0000010000000001,0001111001001100,1100101001111111
377,c53,52,0010000000000010,0010000010001110,1001011101110111
378,c54,5,0000001000000001,0000001000010000,0000110000110010
379,c54,7,1000001000000000,1000001101000000,1001011111101000
380,c54,2,0010000000000001,0000000100100111,1000001111100100
381,c54,0,0100000010000000,0100101001101010,1101101001011011
382,c54,33,0000000000100001,0000000100101001,1100110010001011
383,c54,7,0000100000000100,0000100000110110,0000111100111101
384,c54,60,0000000001000001,1010000010000011,1101110011100111
385,c55,26,0001001000000000,0011111000000000,0110101011100000
386,c55,1,0100001000000000,0100001100010010,1111011100011110
387,c55,22,1000000010000000,1010100011010100,1100111111110111
388,c55,61,0000000110000000,0000001110001000,1000101110001011
389,c55,30,0001000000000000,0001000110001000,0101001110001011
390,c55,40,0000000000001100,0000000100001110,1110111110110111
391,c55,11,0000000001010000,1001010000000000,0011110001010101
392,c56,12,0000000001001000,1010001100001000,1110111100010011
393,c56,24,0010000000000010,0100000101100010,1100101000111110
394,c56,61,0000000010000001,1001100110000001,1101100110000010
395,c56,4,0000100000000001,0001000000000001,1111110000000111
396,c56,13,0100000001000000,0001100100000000,1010101101000101
397,c56,45,0000000010000010,0000000000010010,1100000111011111
398,c56,4,0000000110000000,0000000010000100,1110001111111100
399,c57,44,1000000000010000,0000110001000000,0110110011000101
400,c57,0,0000010010000000,0100010010100000,0100111011011011
401,c57,30,0000100000000000,1100110011100001,0111010001011000
402,c57,55,0000000000001000,1011000000000100,1111110001111000
403,c57,33,0000001000000001,1000001000000001,1011101101111001
404,c57,43,0000000000000010,0010000010000010,0111100101100011
405,c57,58,1000100000000000,0001000101000010,1111000101101111
406,c58,51,0010000100000000,0001101100001011,0111111001011111
407,c58,20,1010000000000000,1011000100001010,1010001010010111
408,c58,61,0000010000001000,0010010000101110,0111000101111100
409,c58,6,0000001000000100,0000001000100100,0000101000011001
410,c58,1,0000000001010000,0000101101010110,1100111111010100
411,c58,8,0001001000000000,0001011010000100,0001011101010110
412,c58,13,0000000000000101,0000111110001100,1100111111101110
413,c59,0,0000000000010100,0000000000101111,0101100001111101
414,c59,50,0010000000010000,0011000000011000,1111100110110111
415,c59,14,0000000000000011,1010111010100011,0010111010110111
416,c59,63,0000000000010010,0110000000010010,1111110001011100
417,c59,19,0000000000000100,1000000010010100,1011111101110010
418,c59,62,1000000000010000,1000010110010101,1011010110110000
419,c59,6,1000000100000000,1100000010110001,0100101111101101
420,c60,63,0000000101000000,1110001011000000,1001101001001000
421,c60,43,0000100000000100,0000010110001101,1100111011011100
422,c60,6,0000000101000000,1110001011000000,1110011111100001
423,c60,30,0000001000000010,0000011101000010,0010111101000010
424,c60,52,0010000000000001,1010000001001001,1110110001000101
425,c60,19,1000001000000000,1011000011110010,1111110011111011
426,c60,28,0000000100010000,0001000000110010,1011101111101100
427,c61,61,0000000000010001,0100001000010011,1100100001111001
428,c61,15,1000001000000000,1101011110001100,1101110101001110
429,c61,15,0000000010000001,0011010000000000,1111011001100111
430,c61,9,0000000000110000,0001010100111000,1011011100111011
431,c61,52,0100000000001000,0100101000101010,0101101100101010
432,c61,15,0000000001000100,0001100001100001,0010101101111101
433,c61,40,0000000100000001,0010101000100011,1110111111110111
434,c62,62,0000000000000011,1010010110100011,0110001010110111
435,c62,35,0000000010010000,1100010010100001,1111111111101011
436,c62,29,0001000000000001,0001000011010000,0101011111111110
437,c62,63,1000001000000000,1100000011101100,1101110011111111
438,c62,54,0000000010000010,1001000101000110,0001110101101011
439,c62,28,0000000000100100,0000000000100100,0011110001101001
440,c62,20,0000000000010010,1000000101110010,0000101001111010
441,c63,4,0001000000000000,0000000000000000,0010010101010010
442,c63,22,0000010000010000,1000010000110000,0111110111110110
443,c63,12,0001010000000000,0000000000101000,1010000001001110
444,c63,52,0000000000000011,1000100100101110,1111100101111110
445,c63,10,0000010100000000,1010010101000000,1110100001011010
446,c63,25,1000100000000000,1010100110000000,1111110101111010
447,c63,40,0000001000000100,0101001100111100,0100101110111110
448,c64,47,0010000000000100,0010001001000101,0011101101010111
449,c64,10,0001000010000000,0001011000101000,1001011001111001
450,c64,36,0000101000000000,1100101001110000,1110001001111100
451,c64,26,0000000001000100,0001100001000100,0001101011110110
452,c64,14,0001000000001000,0101101101001000,0001111111110110
453,c64,57,1100000000000000,1101100110010101,1101110000110100
454,c64,42,0000010010000000,0000000010101101,1011011010100101
455,c65,7,0000000000000110,0000000001110101,0011010010110100
456,c65,20,1000000100000000,0011100110010100,0011111011100101
457,c65,44,0000000000101000,0000010010100010,0100001010101110
458,c65,47,0000000100001000,1000000100001101,1110110001101110
459,c65,57,0000100000001000,0010110100101011,1101111010011111
460,c65,61,0010000000100000,1011110101100010,1111110111001101
461,c65,18,0000000001001000,0000100001001010,1101110101111101
462,c66,27,0000000100000001,0000001001001101,0000011100001111
463,c66,28,0000000000100000,0000001010101000,1000001011101101
464,c66,36,0000100000010000,1100000100010011,1011011100100110
465,c66,23,0000010001000000,0100010011010010,0100111011000100
466,c66,53,0000001000000001,1010010000011101,1011110101111110
467,c66,25,1000001000000000,0000001101010000,1111011110010110
468,c66,10,0000000001000100,0011001000010000,0011111001010101
469,c67,32,0000100100000000,0000101000010000,0100100011111000
470,c67,61,0000100100000000,0000101000010000,0011101001110110
471,c67,45,0000000100000001,0011000110101000,1111010111111001
472,c67,8,0000001100000000,0000001110000000,1001001110101110
473,c67,59,0000000000001001,0010000100101101,1111001101011111
474,c67,52,1000000100000000,1000101000100010,0101011100100111
475,c67,15,0000000010000000,0100000010000000,0110010011110011
476,c68,16,0000100001000000,0000101011000010,1110100011101010
477,c68,9,0100000000000100,1000110000100100,1010010110101100
478,c68,11,0000010000001000,0001111100001000,0111110111001111
479,c68,22,0000001001000000,0000001001000000,1100001000110011
480,c68,32,0000110000000000,0100000000100100,0010001011111001
481,c68,28,1100000000000000,1100010010100000,1111110110110111
482,c68,19,1000000000000100,1010001000100100,0010001110100111
483,c69,63,1000001000000000,1001011010000000,1101010010011101
484,c69,8,0000001100000000,0000011000100000,1111011110110101
485,c69,20,0000000000010100,1011000000011110,1011010011011110
486,c69,47,0001000010000000,1011101010000100,1111011011011111
487,c69,40,0000000000000110,0100000010100111,0100101001100011
488,c69,63,0000000101000000,0001110100010000,0101111111000001
489,c69,39,0010000000001000,0011011010101000,0111011110001000
490,c70,14,0000010010000000,0001011000000101,1010011110011101
491,c70,50,0000010000100000,0011000001110001,1011100101110110
492,c70,55,0001000000000001,1001000100000001,1001101110101111
493,c70,20,0000000010000001,0000000111000011,0000110111010000
494,c70,0,0000010010000000,0001011000000101,0111110100011101
495,c70,49,0000000000000101,0011001000011101,1111111100111010
496,c70,32,0010000000010000,0010100001110000,1100001101111100
497,c71,1,0000000100000001,0011010110000101,1110011011010101
498,c71,21,0000110000000000,1100110010000000,1000101110010011
499,c71,49,0010000010000000,1010001010000100,1011000110101010
500,c71,43,0100001000000000,0000110100001010,1100111110010111
501,c71,62,0000000100001000,0100101111101000,1011101011101011
502,c71,13,0010010000000000,0000111110110100,0111111011110101
503,c71,10,1000010000000000,0100010101001000,1010110100001110
504,c72,34,0000000000011000,1100100101011000,1001001101111011
505,c72,1,0010000001000000,0010010110011000,0000001111111100
506,c72,33,0001000000000010,0001011000100111,0001010111111111
507,c72,23,0000010001000000,0110110000001100,0111010100111111
508,c72,41,0000100010000000,1110010010100010,1111101010001110
509,c72,30,0000000010010000,0000000010000001,0101111111000111
510,c72,42,0010000100000000,0111000100000001,0111000110100001
511,c73,2,0000010000001000,1010110000001001,0010110100011101
512,c73,53,1001000000000000,1001001000011110,0111000100001110
513,c73,57,1100000000000000,1100001100001010,1101000001111001
514,c73,42,1001000000000000,1001001000011110,1000001101001001
515,c73,27,0001000010000000,0001001010000000,0111011001110100
516,c73,31,0011000000000000,0011001000101001,1110111110011001
517,c73,37,1000000000010000,1000010010100100,1010110010110110
518,c74,59,1000000000000001,1000001010000010,1100101111011001
519,c74,41,0000000001000010,1000001101000011,1011101111000001
520,c74,37,0000001100000000,0001000011010001,0011110101110111
521,c74,29,0000010001000000,0000010011000000,0010110101000001
522,c74,26,0000000100000100,0010010100001000,1100010111101011
523,c74,53,0110000000000000,0111000000111000,1111101011101010
524,c74,49,0000110000000000,0010100010110010,1100111111111100
525,c75,50,0000000000001010,0000010100001010,0000001100011111
526,c75,12,0000101000000000,0000101000010010,1101111101100010
527,c75,30,0000000000000011,0000001000000010,1010001100010010
528,c75,10,0010000000000100,0000011000000000,1010001001110001
529,c75,13,0001000000000010,0111110101000010,0111111111110011
530,c75,7,0000001001000000,0100011110100000,1010011110100101
531,c75,16,0000100001000000,0000101011100000,0001000010100110
532,c76,47,1100000000000000,0100000010101010,0100011111100011
533,c76,17,0000000000100100,0000000100110101,0101100100110001
534,c76,16,0000000100010000,0001010100100001,1000111101101010
535,c76,38,1000000000001000,1000100000001011,0000111110011111
536,c76,20,0001000100000000,1111000001101001,1111011101101100
537,c76,39,0000010000000010,1010010000101010,0011010101111110
538,c76,39,0000000000010100,1101001010110100,1101011000110111
539,c77,19,1000001000000000,1001001100000000,0001001101110110
540,c77,62,0100000000001000,0110000000000000,0110010110001000
541,c77,55,0000000100000100,0000110110001100,1010101100011101
542,c77,20,0000000000000100,0000000000010111,0010010000110111
543,c77,49,0000010000000001,1010010000001001,1101110011011000
544,c77,43,0000000000000010,0110001001100010,1110011101111111
545,c77,58,0000001001000000,0001101111100011,1101010011111010
546,c78,56,0000000001100000,0000100001100000,0011001101100000
547,c78,31,0010000000010000,0011000101000010,0111000110000011
548,c78,54,0100001000000000,0100011000000000,1111011110110111
549,c78,45,0000000001001000,0000010010001000,0101110010101100
550,c78,11,1000001000000000,0110001010010010,1110001111011111
551,c78,53,1001000000000000,0000000100001101,0111100101110110
552,c78,62,0000000000000101,1000100110000100,1110111101100001
553,c79,28,0101000000000000,1101010001010100,1100011111011100
554,c79,22,0010000010000000,1011010100100010,1001101110100011
555,c79,35,0000000010000000,1001000011000110,1001101011100110
556,c79,43,0000000000000001,0001011001100100,1101001101100110
557,c79,47,0000000100000000,0000000000011100,0111101011001100
558,c79,24,0010000000100000,0000000100110011,1111101111111001
559,c79,61,0000000000110000,0001011101110010,0001011111011011
560,c80,28,0000001100000000,0001000100100110,1101110000111010
561,c80,37,0000000000001000,0101000001001000,1101110001011111
562,c80,52,0000000100010000,0000000000100100,1000101011100101
563,c80,38,1000000000001000,1000110100001001,1111010100001111
564,c80,36,0000000000000110,0000001000000010,0010111010011011
565,c80,3,0000010100000000,0101011100000000,1001010111000101
566,c80,26,0000000001100000,1101000011001010,0101101010011001
567,c81,38,0100000000100000,0001100000000010,0011101111001010
568,c81,26,0001000000100000,1011101100110000,0111110111001000
569,c81,43,0010000000000000,0010001100100001,1110011110111110
570,c81,3,0000000001001000,0001000010101011,1010100001111011
571,c81,0,0000100100000000,0010110100010100,1001110111101011
572,c81,1,0000010000001000,0000010110001100,0011110011101111
573,c81,60,0010000010000000,0011010110010110,1010011101000111
574,c82,38,0000001010000000,0000001111110110,0111101010100111
575,c82,36,0010000100000000,1000111110100001,1000001110011111
576,c82,29,0010000100000000,1000111110100001,1000011101101111
577,c82,59,0000000001001000,0000100001001100,1100111001000110
578,c82,35,0010010000000000,0010011000000000,1101101011011110
579,c82,31,0011000000000000,0001010010000000,1011011110011010
580,c82,32,1000000000001000,0000100000001010,1101001101100000
581,c83,63,0000001001000000,1100001100011000,1111001101011010
582,c83,7,0000000110000000,0000001110000000,0100001111110111
583,c83,11,0000000000100010,0000000000110010,0011100010101011
584,c83,45,0010000000000010,0011010000000111,1011011011000111
585,c83,3,0000010010000000,0011010110000000,1011110110110001
586,c83,31,0000001001000000,1100001100011000,1110111101011011
587,c83,21,0000000000001000,0000100100001111,1101100111111110
588,c84,43,0000000010100000,0000000011100000,0110010111100010
589,c84,26,0100000000001000,0101010000000100,1010101110100111
590,c84,11,0000010000000001,0000010101000000,1101110101111100
591,c84,11,0000100000000100,0000000001010100,0101101011111000
592,c84,9,0000100100000000,0000000100010000,1001000101000011
593,c84,31,0000100000000001,0001101000001001,0111101101111101
594,c84,52,1000000000000010,1000100110010110,1001110010001000
595,c85,20,0000000010000001,0000001010000001,0001001111001001
596,c85,62,0000010000010000,0000110001010100,1011111010001111
597,c85,8,0000000010000001,0000001010000001,1010111110110011
598,c85,2,0100000000010000,1000100000000000,1101101001100110
599,c85,37,0000001000001000,0000011000001001,0110111000110100
600,c85,60,0001000000001000,1000110000101000,1100011001111110
601,c85,52,0100001000000000,1100101100010000,1110101111000111
602,c86,49,0001000000000001,0001110111000001,0101100011110010
603,c86,1,0001000000001000,1011000000101001,1100010000111000
604,c86,12,0000010100000000,1010111000100000,1101111000101100
605,c86,43,0000100000000100,0001010011000000,0110100101100111
606,c86,24,0010000010000000,1010100010000010,1111101011011010
607,c86,4,1000000000010000,1000000100011000,1111100111101011
608,c86,18,0000010000000001,0010111000000011,0000111100000101
609,c87,8,0000000100010000,0000000100010100,0010010110110111
610,c87,30,1000100000000000,1000111000100000,1111111010100011
611,c87,2,0001000001000000,1001001001000000,1111000011100010
612,c87,39,1000001000000000,0011101000100101,0111011010101100
613,c87,30,0000000010000001,0000011010011001,0100111010110111
614,c87,5,1000000000100000,1000010010001000,0001110100111011
615,c87,33,0000000110000000,1001101111010000,1101011111110111
616,c88,47,0010010000000000,0110010001101101,1101110111111100
617,c88,3,1000000100000000,1001000100011010,0011001111011011
618,c88,3,1000000000100000,0100000000100000,1110110100100000
619,c88,32,0000000000100010,0100101000100111,1011111111100111
620,c88,37,0000001100000000,1101000101000001,1101011010001111
621,c88,25,0000100000001000,0010110000001100,0111110001100001
622,c88,14,0001100000000000,0001110100011100,1011111010110100
623,c89,54,0000000100000000,0001010100010000,1111101100110101
624,c89,9,1000000100000000,1000100110000000,1010000110110101
625,c89,6,0010001000000000,0110011010101001,0000111001101001
626,c89,0,0100000000000100,1110000000001011,1110001000010011
627,c89,42,0001000000001000,0011100000001000,0011111000111011
628,c89,24,0000000101000000,0010010000010000,1101100010010101
629,c89,6,1000000000100000,0000010000100100,0011011110011100
630,c90,30,0000000010000001,0111000011010001,0101001111010001
631,c90,47,0000000001010000,0010010011001101,0011010011011001
632,c90,2,0101000000000000,0100001000000000,0110110000011011
633,c90,54,0000000100000000,0000001111101001,1011100111011111
634,c90,6,1000000100000000,1100000100000001,1110101001101110
635,c90,55,0100000000010000,0110001101010110,0111110000000111
636,c90,25,0000100000100000,0011011100000000,1111011110101110
637,c91,50,0000100000010000,0000100101011100,1011100111111011
638,c91,1,0101000000000000,0111001011000000,1011111010111010
639,c91,55,0001100000000000,1011100001100000,1010011101110111
640,c91,53,0010000000100000,0011001101000000,1111111110101001
641,c91,2,0010000000000001,0011000001000001,0011100011110001
642,c91,6,0000000001001000,0100011001001100,1011111110101101
643,c91,55,0000100000000100,0001110110010100,0111111111110011
644,c92,23,0001000010000000,0100101110010010,1111110010000000
645,c92,20,0000000000000110,1000010110110110,1111111110001000
646,c92,41,1000000000000100,1010101010100111,0010101001100111
647,c92,59,0000001000000001,0011101000000101,0101011111111011
648,c92,38,0001001000000000,0101111010001000,1111111111111001
649,c92,11,0000100001000000,0000100011000001,1000100010010000
650,c92,63,0000001000000100,0000100010010100,0101110110011010
651,c93,11,0001000000000100,0001000000010111,0100000000111111
652,c93,15,0100001000000000,1001001000010010,1001101101111011
653,c93,44,0000000000101000,0010100000101001,1000110010000010
654,c93,1,0100000000000100,1010010011000010,1011010101011000
655,c93,61,0000100000000001,0001100010110001,0101000100100101
656,c93,38,0010000000000001,0000011001100000,0110010001100111
657,c93,22,0000000001100000,0100100001100001,1110101010111111
658,c94,36,0110000000000000,1100000010100010,1111110101110110
659,c94,30,0000100001000000,0000100001001000,1101111001011000
660,c94,24,0000000101000000,0110000101000010,0111001111000110
661,c94,18,0000000000000011,0011000010010000,1010000101010111
662,c94,60,0000000011000000,0001000011100000,1011110011111011
663,c94,10,0000000001001000,0100010001001011,0011011001101011
664,c94,37,0000000000110000,0000100000010000,1000101101110101
665,c95,31,0000001001000000,1001111100000100,1101010101100111
666,c95,55,0100000000000100,0000000001001000,0101001111001011
667,c95,3,0010100000000000,1010110100100000,1001100010100000
668,c95,3,0000000001000100,0100000101000100,1001101101101101
669,c95,26,1010000000000000,1111011000000000,1111100111101010
670,c95,5,0000001000000001,1000001001000001,0100101001001101
671,c95,37,0001000000000001,0101000000000111,0111101110101111
672,c96,22,0000000001000010,0010000100000001,1010001111101001
673,c96,63,0000000000000010,0110100100101010,0110100111101110
674,c96,34,0010000010000000,1011000000000000,1111010001101111
675,c96,55,0000010010000000,0000010111110000,1110111111110111
676,c96,8,0000001000010000,0010101000010000,1011111111011001
677,c96,23,0000010000100000,1000110010010000,1100101111010000
678,c96,21,0000010000000010,0010000000101010,0100101100111000
679,c97,32,0000000000001000,0011000000111001,0011000110111011
680,c97,1,0010000000000100,0010010000100101,1010011001101001
681,c97,48,0001000000000010,0000101001100110,0100101101001000
682,c97,34,0000000100010000,0000001000001100,1100011111111111
683,c97,6,0000000000001001,1000001010001001,1000000000001110
684,c97,59,1000000000000001,0001000000001001,1101110000001111
685,c97,57,0000000001000000,0000100001010010,1110100001010011
686,c98,49,0000001000010000,0100001011010001,0110011111000100
687,c98,27,0000000010000010,0110110110001000,1110110111111000
688,c98,46,0000001001000000,1010000001000111,1010001111011001
689,c98,50,0000000010000001,0000000011010001,0101111111010111
690,c98,22,0010000000001000,0010000000001000,1110100011111111
691,c98,38,0001000000001000,0011000001011101,1011100000101100
692,c98,42,0000010000100000,0000110000010000,0010110011000111
693,c99,59,0000000000000101,1000100000101111,0010110010001011
694,c99,10,0000000000001010,1100100100001000,1100110110011100
695,c99,55,0000010010000000,0000110011101010,1101011011111100
696,c99,33,0000000010010000,0101000010000000,1101001110101100
697,c99,1,0000000001010000,0010100001000000,1011110001100100
698,c99,20,0000000000010010,0011010111010011,0011111101011010
699,c99,37,1000000000010000,1000000000110000,1000111101001101
